Workbook
Name الألقاب: data!$L$2:$L$6
Name القسم: data!$O$2:$O$29
Name الكليات: data!$A$2:$A$11
Name المهام: data!$E$2:$E$9
Name ساعات: data!$J$1
Name مراكز: data!$Q$2:$Q$4
Name نصاب: البيانات!$F$1

Sheet البيانات
A1: استمارة الساعات الزائدة للثابتين للفصل الثاني للعام الجامعي 2025 -2026 م | F1: =IFERROR(INDEX(data!$L$2:$M$6,MATCH(C7,data!$L$2:$L$6,0),2),"") | G1: =IFERROR(INDEX(data!$E$2:$F$9,MATCH(C5,data!$E$2:$E$9,0),2),"") | H1: =IF(D6<>"",J1,"t") -> t | I1: =COUNTA(القسم)+1 -> 29 | J1: =IFERROR(INDEX(data!$O$2:$O$29,MATCH(D6,data!$O$2:$O$29,0),1),"f") -> f | L1: =IF(C5="رئيس قسم",CONCATENATE(C5," ",C6),IF(C5="مدير مركز",CONCATENATE(C5," ",D5),IF(C5="عميد الكلية",CONCATENATE("عميد كلية ",C3),IF(C5="نائب رئيس الجامعة",L2,C5)))) -> 0 | N1: =IF(C5="مدير مركز","مركز","") | O1: =IF(M1<>"",M1,L1) -> 0 | V1: نائب رئيس الجامعة للدراسات العليا والبحث العلمي | W1: مودي
A2: ادخال البيانات الشخصية | L2: =INDEX(V1:W3,MATCH(RIGHT(C4,4),W1:W3,0),1) -> #N/A | V2: نائب رئيس الجامعة للشئون الأكاديمية | W2: شهاب
B3: الكلية: | V3: نائب رئيس الجامعة لشئون الطلاب | W3: يلان
B4: الاسم: | D4: =IF(C5="مدير مركز","اختر اسم المركز","")
B5: المهام الإدارية :
B6: القسم:
B7: اللقب العلمي :

Sheet الفصل الثاني
A1: أستمارة احتساب الساعات الزائدة لأعضاء هيئة التدريس ومساعديهم للفصل الدراسي الثاني للعام 2025- 2026 م
A2: الكلية : | C2: =IF(البيانات!C3<>"",البيانات!C3,"") | E2: القسم : | G2: =IF(البيانات!C6<>"",البيانات!C6,"") | J2: عدد أسابيع الفصل الدراسي 14 أسبوع
B3: الاسم : | C3: =IF(البيانات!C4<>"",البيانات!C4,"") | I3: المهام الإدارية : | K3: =IF(IF(البيانات!O1<>"",البيانات!O1,"")=0,"",IF(البيانات!O1<>"",البيانات!O1))
A6: الأسبوع | B6: اليوم والتاريخ | D6: عدد الساعات | I6: تعبأفي حالة الدمج مع الشعب فقط | K6: المقرر الدراسي | L6: الكلية التي نفذت بها الساعات
D7: نظري | E7: عملي | F7: إشراف عملي | G7: إشراف م/تخرج | H7: إجمالي س/ مستحقة | I7: الاقسام / المستويات (الأخرى المدمجة) | J7: عدد الطلاب في حالة الدمج و في حاله التربية العملية
A8: الأول | B8: الأحد | C8: 2026/1/11م بدء الفصل الدراسي الثاني | H8: =SUM(D8:G8) -> 0
H9: =SUM(D9:G9) -> 0
H10: =SUM(D10:G10) -> 0
H11: =SUM(D11:G11) -> 0
B12: الإثنين | C12: 46034 | H12: =SUM(D12:G12) -> 0
H13: =SUM(D13:G13) -> 0
H14: =SUM(D14:G14) -> 0
H15: =SUM(D15:G15) -> 0
B16: الثلاثاء | C16: 46035 | H16: =SUM(D16:G16) -> 0
H17: =SUM(D17:G17) -> 0
H18: =SUM(D18:G18) -> 0
H19: =SUM(D19:G19) -> 0
B20: الأربعاء | C20: 46036 | H20: =SUM(D20:G20) -> 0
H21: =SUM(D21:G21) -> 0
H22: =SUM(D22:G22) -> 0
H23: =SUM(D23:G23) -> 0
B24: الخميس | C24: 46037 | H24: =SUM(D24:G24) -> 0
H25: =SUM(D25:G25) -> 0
H26: =SUM(D26:G26) -> 0
H27: =SUM(D27:G27) -> 0
B28: المهام الادارية | D28: =IF(ساعات<>"",ساعات,"") | H28: =SUM(D28:G28) -> 0
B29: اجمالي ساعات الغياب | D29: ='الغياب الاسبوعي'!D3 -> 0 | H29: =SUM(D29:G29) -> 0
B30: مجموع ساعات الأسبوع | D30: =SUM(D8:D28) -> 0 | E30: =SUM(E8:E28) -> 0 | F30: =SUM(F8:F28) -> 0 | G30: =SUM(G8:G28) -> 0 | H30: =SUM(H8:H28)-H29 -> 0
B31: مجموع الساعات الزائدة في الأسبوع | H31: =IF(H30>نصاب,H30-نصاب,0) -> 0
A32: الثاني | B32: الأحد | C32: 46040 | D32: =IF(D8="","",D8) | E32: =IF(E8="","",E8) | F32: =IF(F8="","",F8) | G32: =IF(G8="","",G8) | H32: =SUM(D32:G32) -> 0 | I32: =IF(I8="","",I8) | J32: =IF(J8="","",J8) | K32: =IF(K8="","",K8) | L32: =IF(L8="","",L8)
D33: =IF(D9="","",D9) | E33: =IF(E9="","",E9) | F33: =IF(F9="","",F9) | G33: =IF(G9="","",G9) | H33: =SUM(D33:G33) -> 0 | I33: =IF(I9="","",I9) | J33: =IF(J9="","",J9) | K33: =IF(K9="","",K9) | L33: =IF(L9="","",L9)
D34: =IF(D10="","",D10) | E34: =IF(E10="","",E10) | F34: =IF(F10="","",F10) | G34: =IF(G10="","",G10) | H34: =SUM(D34:G34) -> 0 | I34: =IF(I10="","",I10) | J34: =IF(J10="","",J10) | K34: =IF(K10="","",K10) | L34: =IF(L10="","",L10)
D35: =IF(D11="","",D11) | E35: =IF(E11="","",E11) | F35: =IF(F11="","",F11) | G35: =IF(G11="","",G11) | H35: =SUM(D35:G35) -> 0 | I35: =IF(I11="","",I11) | J35: =IF(J11="","",J11) | K35: =IF(K11="","",K11) | L35: =IF(L11="","",L11)
B36: الإثنين | C36: 46041 | D36: =IF(D12="","",D12) | E36: =IF(E12="","",E12) | F36: =IF(F12="","",F12) | G36: =IF(G12="","",G12) | H36: =SUM(D36:G36) -> 0 | I36: =IF(I12="","",I12) | J36: =IF(J12="","",J12) | K36: =IF(K12="","",K12) | L36: =IF(L12="","",L12)
D37: =IF(D13="","",D13) | E37: =IF(E13="","",E13) | F37: =IF(F13="","",F13) | G37: =IF(G13="","",G13) | H37: =SUM(D37:G37) -> 0 | I37: =IF(I13="","",I13) | J37: =IF(J13="","",J13) | K37: =IF(K13="","",K13) | L37: =IF(L13="","",L13)
D38: =IF(D14="","",D14) | E38: =IF(E14="","",E14) | F38: =IF(F14="","",F14) | G38: =IF(G14="","",G14) | H38: =SUM(D38:G38) -> 0 | I38: =IF(I14="","",I14) | J38: =IF(J14="","",J14) | K38: =IF(K14="","",K14) | L38: =IF(L14="","",L14)
D39: =IF(D15="","",D15) | E39: =IF(E15="","",E15) | F39: =IF(F15="","",F15) | G39: =IF(G15="","",G15) | H39: =SUM(D39:G39) -> 0 | I39: =IF(I15="","",I15) | J39: =IF(J15="","",J15) | K39: =IF(K15="","",K15) | L39: =IF(L15="","",L15)
B40: الثلاثاء | C40: 46042 | D40: =IF(D16="","",D16) | E40: =IF(E16="","",E16) | F40: =IF(F16="","",F16) | G40: =IF(G16="","",G16) | H40: =SUM(D40:G40) -> 0 | I40: =IF(I16="","",I16) | J40: =IF(J16="","",J16) | K40: =IF(K16="","",K16) | L40: =IF(L16="","",L16)
D41: =IF(D17="","",D17) | E41: =IF(E17="","",E17) | F41: =IF(F17="","",F17) | G41: =IF(G17="","",G17) | H41: =SUM(D41:G41) -> 0 | I41: =IF(I17="","",I17) | J41: =IF(J17="","",J17) | K41: =IF(K17="","",K17) | L41: =IF(L17="","",L17)
D42: =IF(D18="","",D18) | E42: =IF(E18="","",E18) | F42: =IF(F18="","",F18) | G42: =IF(G18="","",G18) | H42: =SUM(D42:G42) -> 0 | I42: =IF(I18="","",I18) | J42: =IF(J18="","",J18) | K42: =IF(K18="","",K18) | L42: =IF(L18="","",L18)
D43: =IF(D19="","",D19) | E43: =IF(E19="","",E19) | F43: =IF(F19="","",F19) | G43: =IF(G19="","",G19) | H43: =SUM(D43:G43) -> 0 | I43: =IF(I19="","",I19) | J43: =IF(J19="","",J19) | K43: =IF(K19="","",K19) | L43: =IF(L19="","",L19)
B44: الأربعاء | C44: 46043 | D44: =IF(D20="","",D20) | E44: =IF(E20="","",E20) | F44: =IF(F20="","",F20) | G44: =IF(G20="","",G20) | H44: =SUM(D44:G44) -> 0 | I44: =IF(I20="","",I20) | J44: =IF(J20="","",J20) | K44: =IF(K20="","",K20) | L44: =IF(L20="","",L20)
D45: =IF(D21="","",D21) | E45: =IF(E21="","",E21) | F45: =IF(F21="","",F21) | G45: =IF(G21="","",G21) | H45: =SUM(D45:G45) -> 0 | I45: =IF(I21="","",I21) | J45: =IF(J21="","",J21) | K45: =IF(K21="","",K21) | L45: =IF(L21="","",L21)
D46: =IF(D22="","",D22) | E46: =IF(E22="","",E22) | F46: =IF(F22="","",F22) | G46: =IF(G22="","",G22) | H46: =SUM(D46:G46) -> 0 | I46: =IF(I22="","",I22) | J46: =IF(J22="","",J22) | K46: =IF(K22="","",K22) | L46: =IF(L22="","",L22)
D47: =IF(D23="","",D23) | E47: =IF(E23="","",E23) | F47: =IF(F23="","",F23) | G47: =IF(G23="","",G23) | H47: =SUM(D47:G47) -> 0 | I47: =IF(I23="","",I23) | J47: =IF(J23="","",J23) | K47: =IF(K23="","",K23) | L47: =IF(L23="","",L23)
B48: الخميس | C48: 46044 | D48: =IF(D24="","",D24) | E48: =IF(E24="","",E24) | F48: =IF(F24="","",F24) | G48: =IF(G24="","",G24) | H48: =SUM(D48:G48) -> 0 | I48: =IF(I24="","",I24) | J48: =IF(J24="","",J24) | K48: =IF(K24="","",K24) | L48: =IF(L24="","",L24)
D49: =IF(D25="","",D25) | E49: =IF(E25="","",E25) | F49: =IF(F25="","",F25) | G49: =IF(G25="","",G25) | H49: =SUM(D49:G49) -> 0 | I49: =IF(I25="","",I25) | J49: =IF(J25="","",J25) | K49: =IF(K25="","",K25) | L49: =IF(L25="","",L25)
D50: =IF(D26="","",D26) | E50: =IF(E26="","",E26) | F50: =IF(F26="","",F26) | G50: =IF(G26="","",G26) | H50: =SUM(D50:G50) -> 0 | I50: =IF(I26="","",I26) | J50: =IF(J26="","",J26) | K50: =IF(K26="","",K26) | L50: =IF(L26="","",L26)
D51: =IF(D27="","",D27) | E51: =IF(E27="","",E27) | F51: =IF(F27="","",F27) | G51: =IF(G27="","",G27) | H51: =SUM(D51:G51) -> 0 | I51: =IF(I27="","",I27) | J51: =IF(J27="","",J27) | K51: =IF(K27="","",K27) | L51: =IF(L27="","",L27)
B52: المهام الادارية | D52: =IF(ساعات<>"",ساعات,"") | H52: =SUM(D52:G52) -> 0
B53: اجمالي ساعات الغياب | D53: ='الغياب الاسبوعي'!D4 -> 0 | H53: =SUM(D53:G53) -> 0
B54: مجموع ساعات الأسبوع | D54: =SUM(D32:D52) -> 0 | E54: =SUM(E32:E52) -> 0 | F54: =SUM(F32:F52) -> 0 | G54: =SUM(G32:G52) -> 0 | H54: =SUM(H32:H52)-H53 -> 0
B55: مجموع الساعات الزائدة في الأسبوع | H55: =IF(H54>نصاب,H54-نصاب,0) -> 0
A56: الثالث | B56: الاحد | C56: 46047 | D56: =IF(D8="","",D8) | E56: =IF(E8="","",E8) | F56: =IF(F8="","",F8) | G56: =IF(G8="","",G8) | H56: =SUM(D56:G56) -> 0 | I56: =IF(I8="","",I8) | J56: =IF(J8="","",J8) | K56: =IF(K8="","",K8) | L56: =IF(L8="","",L8)
D57: =IF(D9="","",D9) | E57: =IF(E9="","",E9) | F57: =IF(F9="","",F9) | G57: =IF(G9="","",G9) | H57: =SUM(D57:G57) -> 0 | I57: =IF(I9="","",I9) | J57: =IF(J9="","",J9) | K57: =IF(K9="","",K9) | L57: =IF(L9="","",L9)
D58: =IF(D10="","",D10) | E58: =IF(E10="","",E10) | F58: =IF(F10="","",F10) | G58: =IF(G10="","",G10) | H58: =SUM(D58:G58) -> 0 | I58: =IF(I10="","",I10) | J58: =IF(J10="","",J10) | K58: =IF(K10="","",K10) | L58: =IF(L10="","",L10)
D59: =IF(D11="","",D11) | E59: =IF(E11="","",E11) | F59: =IF(F11="","",F11) | G59: =IF(G11="","",G11) | H59: =SUM(D59:G59) -> 0 | I59: =IF(I11="","",I11) | J59: =IF(J11="","",J11) | K59: =IF(K11="","",K11) | L59: =IF(L11="","",L11)
B60: الإثنين | C60: 46048 | D60: =IF(D12="","",D12) | E60: =IF(E12="","",E12) | F60: =IF(F12="","",F12) | G60: =IF(G12="","",G12) | H60: =SUM(D60:G60) -> 0 | I60: =IF(I12="","",I12) | J60: =IF(J12="","",J12) | K60: =IF(K12="","",K12) | L60: =IF(L12="","",L12)
D61: =IF(D13="","",D13) | E61: =IF(E13="","",E13) | F61: =IF(F13="","",F13) | G61: =IF(G13="","",G13) | H61: =SUM(D61:G61) -> 0 | I61: =IF(I13="","",I13) | J61: =IF(J13="","",J13) | K61: =IF(K13="","",K13) | L61: =IF(L13="","",L13)
D62: =IF(D14="","",D14) | E62: =IF(E14="","",E14) | F62: =IF(F14="","",F14) | G62: =IF(G14="","",G14) | H62: =SUM(D62:G62) -> 0 | I62: =IF(I14="","",I14) | J62: =IF(J14="","",J14) | K62: =IF(K14="","",K14) | L62: =IF(L14="","",L14)
D63: =IF(D15="","",D15) | E63: =IF(E15="","",E15) | F63: =IF(F15="","",F15) | G63: =IF(G15="","",G15) | H63: =SUM(D63:G63) -> 0 | I63: =IF(I15="","",I15) | J63: =IF(J15="","",J15) | K63: =IF(K15="","",K15) | L63: =IF(L15="","",L15)
B64: الثلاثاء | C64: 46049 | D64: =IF(D16="","",D16) | E64: =IF(E16="","",E16) | F64: =IF(F16="","",F16) | G64: =IF(G16="","",G16) | H64: =SUM(D64:G64) -> 0 | I64: =IF(I16="","",I16) | J64: =IF(J16="","",J16) | K64: =IF(K16="","",K16) | L64: =IF(L16="","",L16)
D65: =IF(D17="","",D17) | E65: =IF(E17="","",E17) | F65: =IF(F17="","",F17) | G65: =IF(G17="","",G17) | H65: =SUM(D65:G65) -> 0 | I65: =IF(I17="","",I17) | J65: =IF(J17="","",J17) | K65: =IF(K17="","",K17) | L65: =IF(L17="","",L17)
D66: =IF(D18="","",D18) | E66: =IF(E18="","",E18) | F66: =IF(F18="","",F18) | G66: =IF(G18="","",G18) | H66: =SUM(D66:G66) -> 0 | I66: =IF(I18="","",I18) | J66: =IF(J18="","",J18) | K66: =IF(K18="","",K18) | L66: =IF(L18="","",L18)
D67: =IF(D19="","",D19) | E67: =IF(E19="","",E19) | F67: =IF(F19="","",F19) | G67: =IF(G19="","",G19) | H67: =SUM(D67:G67) -> 0 | I67: =IF(I19="","",I19) | J67: =IF(J19="","",J19) | K67: =IF(K19="","",K19) | L67: =IF(L19="","",L19)
B68: الأربعاء | C68: 46050 | D68: =IF(D20="","",D20) | E68: =IF(E20="","",E20) | F68: =IF(F20="","",F20) | G68: =IF(G20="","",G20) | H68: =SUM(D68:G68) -> 0 | I68: =IF(I20="","",I20) | J68: =IF(J20="","",J20) | K68: =IF(K20="","",K20) | L68: =IF(L20="","",L20)
D69: =IF(D21="","",D21) | E69: =IF(E21="","",E21) | F69: =IF(F21="","",F21) | G69: =IF(G21="","",G21) | H69: =SUM(D69:G69) -> 0 | I69: =IF(I21="","",I21) | J69: =IF(J21="","",J21) | K69: =IF(K21="","",K21) | L69: =IF(L21="","",L21)
D70: =IF(D22="","",D22) | E70: =IF(E22="","",E22) | F70: =IF(F22="","",F22) | G70: =IF(G22="","",G22) | H70: =SUM(D70:G70) -> 0 | I70: =IF(I22="","",I22) | J70: =IF(J22="","",J22) | K70: =IF(K22="","",K22) | L70: =IF(L22="","",L22)
D71: =IF(D23="","",D23) | E71: =IF(E23="","",E23) | F71: =IF(F23="","",F23) | G71: =IF(G23="","",G23) | H71: =SUM(D71:G71) -> 0 | I71: =IF(I23="","",I23) | J71: =IF(J23="","",J23) | K71: =IF(K23="","",K23) | L71: =IF(L23="","",L23)
B72: الخميس | C72: 46051 | D72: =IF(D24="","",D24) | E72: =IF(E24="","",E24) | F72: =IF(F24="","",F24) | G72: =IF(G24="","",G24) | H72: =SUM(D72:G72) -> 0 | I72: =IF(I24="","",I24) | J72: =IF(J24="","",J24) | K72: =IF(K24="","",K24) | L72: =IF(L24="","",L24)
D73: =IF(D25="","",D25) | E73: =IF(E25="","",E25) | F73: =IF(F25="","",F25) | G73: =IF(G25="","",G25) | H73: =SUM(D73:G73) -> 0 | I73: =IF(I25="","",I25) | J73: =IF(J25="","",J25) | K73: =IF(K25="","",K25) | L73: =IF(L25="","",L25)
D74: =IF(D26="","",D26) | E74: =IF(E26="","",E26) | F74: =IF(F26="","",F26) | G74: =IF(G26="","",G26) | H74: =SUM(D74:G74) -> 0 | I74: =IF(I26="","",I26) | J74: =IF(J26="","",J26) | K74: =IF(K26="","",K26) | L74: =IF(L26="","",L26)
D75: =IF(D27="","",D27) | E75: =IF(E27="","",E27) | F75: =IF(F27="","",F27) | G75: =IF(G27="","",G27) | H75: =SUM(D75:G75) -> 0 | I75: =IF(I27="","",I27) | J75: =IF(J27="","",J27) | K75: =IF(K27="","",K27) | L75: =IF(L27="","",L27)
B76: المهام الادارية | D76: =IF(ساعات<>"",ساعات,"") | H76: =SUM(D76:G76) -> 0
B77: اجمالي ساعات الغياب | D77: ='الغياب الاسبوعي'!D5 -> 0 | H77: =SUM(D77:G77) -> 0
B78: مجموع ساعات الأسبوع | C78: مجموع ساعات الأسبوع | D78: =SUM(D56:D76) -> 0 | E78: =SUM(E56:E76) -> 0 | F78: =SUM(F56:F76) -> 0 | G78: =SUM(G56:G76) -> 0 | H78: =SUM(H56:H76)-H77 -> 0
B79: مجموع الساعات الزائدة في الأسبوع | H79: =IF(H78>نصاب,H78-نصاب,0) -> 0
A80: الرابع | B80: الاحد | C80: 46054 | D80: =IF(D8="","",D8) | E80: =IF(E8="","",E8) | F80: =IF(F8="","",F8) | G80: =IF(G8="","",G8) | H80: =SUM(D80:G80) -> 0 | I80: =IF(I8="","",I8) | J80: =IF(J8="","",J8) | K80: =IF(K8="","",K8) | L80: =IF(L8="","",L8)
D81: =IF(D9="","",D9) | E81: =IF(E9="","",E9) | F81: =IF(F9="","",F9) | G81: =IF(G9="","",G9) | H81: =SUM(D81:G81) -> 0 | I81: =IF(I9="","",I9) | J81: =IF(J9="","",J9) | K81: =IF(K9="","",K9) | L81: =IF(L9="","",L9)
D82: =IF(D10="","",D10) | E82: =IF(E10="","",E10) | F82: =IF(F10="","",F10) | G82: =IF(G10="","",G10) | H82: =SUM(D82:G82) -> 0 | I82: =IF(I10="","",I10) | J82: =IF(J10="","",J10) | K82: =IF(K10="","",K10) | L82: =IF(L10="","",L10)
D83: =IF(D11="","",D11) | E83: =IF(E11="","",E11) | F83: =IF(F11="","",F11) | G83: =IF(G11="","",G11) | H83: =SUM(D83:G83) -> 0 | I83: =IF(I11="","",I11) | J83: =IF(J11="","",J11) | K83: =IF(K11="","",K11) | L83: =IF(L11="","",L11)
B84: الإثنين | C84: 46055 | D84: =IF(D12="","",D12) | E84: =IF(E12="","",E12) | F84: =IF(F12="","",F12) | G84: =IF(G12="","",G12) | H84: =SUM(D84:G84) -> 0 | I84: =IF(I12="","",I12) | J84: =IF(J12="","",J12) | K84: =IF(K12="","",K12) | L84: =IF(L12="","",L12)
D85: =IF(D13="","",D13) | E85: =IF(E13="","",E13) | F85: =IF(F13="","",F13) | G85: =IF(G13="","",G13) | H85: =SUM(D85:G85) -> 0 | I85: =IF(I13="","",I13) | J85: =IF(J13="","",J13) | K85: =IF(K13="","",K13) | L85: =IF(L13="","",L13)
D86: =IF(D14="","",D14) | E86: =IF(E14="","",E14) | F86: =IF(F14="","",F14) | G86: =IF(G14="","",G14) | H86: =SUM(D86:G86) -> 0 | I86: =IF(I14="","",I14) | J86: =IF(J14="","",J14) | K86: =IF(K14="","",K14) | L86: =IF(L14="","",L14)
D87: =IF(D15="","",D15) | E87: =IF(E15="","",E15) | F87: =IF(F15="","",F15) | G87: =IF(G15="","",G15) | H87: =SUM(D87:G87) -> 0 | I87: =IF(I15="","",I15) | J87: =IF(J15="","",J15) | K87: =IF(K15="","",K15) | L87: =IF(L15="","",L15)
B88: الثلاثاء | C88: 46056 | D88: =IF(D16="","",D16) | E88: =IF(E16="","",E16) | F88: =IF(F16="","",F16) | G88: =IF(G16="","",G16) | H88: =SUM(D88:G88) -> 0 | I88: =IF(I16="","",I16) | J88: =IF(J16="","",J16) | K88: =IF(K16="","",K16) | L88: =IF(L16="","",L16)
D89: =IF(D17="","",D17) | E89: =IF(E17="","",E17) | F89: =IF(F17="","",F17) | G89: =IF(G17="","",G17) | H89: =SUM(D89:G89) -> 0 | I89: =IF(I17="","",I17) | J89: =IF(J17="","",J17) | K89: =IF(K17="","",K17) | L89: =IF(L17="","",L17)
D90: =IF(D18="","",D18) | E90: =IF(E18="","",E18) | F90: =IF(F18="","",F18) | G90: =IF(G18="","",G18) | H90: =SUM(D90:G90) -> 0 | I90: =IF(I18="","",I18) | J90: =IF(J18="","",J18) | K90: =IF(K18="","",K18) | L90: =IF(L18="","",L18)
D91: =IF(D19="","",D19) | E91: =IF(E19="","",E19) | F91: =IF(F19="","",F19) | G91: =IF(G19="","",G19) | H91: =SUM(D91:G91) -> 0 | I91: =IF(I19="","",I19) | J91: =IF(J19="","",J19) | K91: =IF(K19="","",K19) | L91: =IF(L19="","",L19)
B92: الأربعاء | C92: 46057 | D92: =IF(D20="","",D20) | E92: =IF(E20="","",E20) | F92: =IF(F20="","",F20) | G92: =IF(G20="","",G20) | H92: =SUM(D92:G92) -> 0 | I92: =IF(I20="","",I20) | J92: =IF(J20="","",J20) | K92: =IF(K20="","",K20) | L92: =IF(L20="","",L20)
D93: =IF(D21="","",D21) | E93: =IF(E21="","",E21) | F93: =IF(F21="","",F21) | G93: =IF(G21="","",G21) | H93: =SUM(D93:G93) -> 0 | I93: =IF(I21="","",I21) | J93: =IF(J21="","",J21) | K93: =IF(K21="","",K21) | L93: =IF(L21="","",L21)
D94: =IF(D22="","",D22) | E94: =IF(E22="","",E22) | F94: =IF(F22="","",F22) | G94: =IF(G22="","",G22) | H94: =SUM(D94:G94) -> 0 | I94: =IF(I22="","",I22) | J94: =IF(J22="","",J22) | K94: =IF(K22="","",K22) | L94: =IF(L22="","",L22)
D95: =IF(D23="","",D23) | E95: =IF(E23="","",E23) | F95: =IF(F23="","",F23) | G95: =IF(G23="","",G23) | H95: =SUM(D95:G95) -> 0 | I95: =IF(I23="","",I23) | J95: =IF(J23="","",J23) | K95: =IF(K23="","",K23) | L95: =IF(L23="","",L23)
B96: الخميس | C96: 46058 | D96: =IF(D24="","",D24) | E96: =IF(E24="","",E24) | F96: =IF(F24="","",F24) | G96: =IF(G24="","",G24) | H96: =SUM(D96:G96) -> 0 | I96: =IF(I24="","",I24) | J96: =IF(J24="","",J24) | K96: =IF(K24="","",K24) | L96: =IF(L24="","",L24)
D97: =IF(D25="","",D25) | E97: =IF(E25="","",E25) | F97: =IF(F25="","",F25) | G97: =IF(G25="","",G25) | H97: =SUM(D97:G97) -> 0 | I97: =IF(I25="","",I25) | J97: =IF(J25="","",J25) | K97: =IF(K25="","",K25) | L97: =IF(L25="","",L25)
D98: =IF(D26="","",D26) | E98: =IF(E26="","",E26) | F98: =IF(F26="","",F26) | G98: =IF(G26="","",G26) | H98: =SUM(D98:G98) -> 0 | I98: =IF(I26="","",I26) | J98: =IF(J26="","",J26) | K98: =IF(K26="","",K26) | L98: =IF(L26="","",L26)
D99: =IF(D27="","",D27) | E99: =IF(E27="","",E27) | F99: =IF(F27="","",F27) | G99: =IF(G27="","",G27) | H99: =SUM(D99:G99) -> 0 | I99: =IF(I27="","",I27) | J99: =IF(J27="","",J27) | K99: =IF(K27="","",K27) | L99: =IF(L27="","",L27)
B100: المهام الادارية | D100: =IF(ساعات<>"",ساعات,"") | H100: =SUM(D100:G100) -> 0
B101: اجمالي ساعات الغياب | D101: ='الغياب الاسبوعي'!D6 -> 0 | H101: =SUM(D101:G101) -> 0
B102: مجموع ساعات الأسبوع | D102: =SUM(D80:D100) -> 0 | E102: =SUM(E80:E100) -> 0 | F102: =SUM(F80:F100) -> 0 | G102: =SUM(G80:G100) -> 0 | H102: =SUM(H80:H100)-H101 -> 0
...

Sheet الغياب الاسبوعي
A1: استمارة ساعات الغياب خلال الفصل الدراسي الثاني للعام الجامعي 2025-2026م
A2: الأسبوع | B2: بداية الأسبوع | C2: نهاية الأسبوع | D2: عدد ساعات الغياب في الاسبوع | E2: ملاحظات
A3: الأول | B3: 46033 | C3: 46037
A4: الثاني | B4: 46040 | C4: 46044
A5: الثالث | B5: 46047 | C5: 46051
A6: الرابع | B6: 46054 | C6: 46058
A7: الخامس | B7: 46061 | C7: 46065
A8: السادس | B8: 46068 | C8: 46070
A9: السابع | B9: 46110 | C9: 46114
A10: الثامن | B10: 46117 | C10: 46121
A11: التاسع | B11: 46124 | C11: 46128
A12: العاشر | B12: 46131 | C12: 46135
A13: الحادي عشر | B13: 46138 | C13: 46142
A14: الثاني عشر | B14: 46146 | C14: 46149
... A16: الرابع عشر | B16: 46159 | C16: 46163
A19: رئيس القسم: | B19: ='الفصل الثاني'!D347 -> 0 | D19: التوقيع: ............................ | E19: التاريخ : .........................
A20: نائب العميد الأكاديمي: | B20: ='الفصل الثاني'!D348 -> 0 | D20: التوقيع: ............................ | E20: التاريخ : .........................
A21: عميد الكلية : | B21: ='الفصل الثاني'!D349 -> 0 | D21: التوقيع: ............................ | E21: التاريخ : .........................

Sheet data
A1: الكليات | E1: المهام | F1: الساعات | J1: =IFERROR(INDEX(data!$E$2:$F$9,MATCH(البيانات!C5,data!$E$2:$E$9,0),2),"") | L1: الألقاب | M1: النصاب | O1: القسم | Q1: مراكز
A2: التربية | E2: رئيس الجامعة | F2: 7 | L2: أستاذ | M2: 8 | O2: اللغة العربية | Q2: التطوير الأكاديمي وضمان الجودة
A3: البنات | E3: نائب رئيس الجامعة | F3: 6 | L3: أستاذ مشارك | M3: 10 | O3: اللغة الانجليزية | Q3: تقنية المعلومات
A4: الأداب واللغات | E4: عميد الكلية | F4: 5 | L4: أستاذ مساعد | M4: 12 | O4: الرياضيات | Q4: اللغات و خدمة المجتمع
A5: الحاسبات | E5: مدير مركز | F5: 5 | L5: مدرس | M5: 13 | O5: الفيزياء
A6: العلوم الإدارية | E6: مدير مركز نحل العسل | F6: 4 | L6: معيد | M6: 13 | O6: الكيمياء
A7: الطب والعلوم الصحية | E7: مدير مركز النخيل والتمور | F7: 4 | O7: المناهج و طرق التدريس
A8: الحقوق والعلوم الإنسانية | E8: نائب عميد الكلية | F8: 4 | O8: التاريخ
A9: علوم الرياضة | E9: رئيس قسم | F9: 3 | O9: الجغرافيا
A10: الزراعة والأغذية | O10: امن المعلومات
A11: التعليم عن بعد | O11: علوم الحاسب
A12: الزراعة والأغذية | O12: المحاسبة
C13: التربية | D13: البنات | E13: الأداب واللغات | F13: الحاسبات | G13: العلوم الإدارية | H13: الزراعة والأغذية | I13: علوم الرياضة | J13: الحقوق والعلوم الإنسانية | K13: الطب والعلوم الصحية | M13: =البيانات!C3 -> 0 | O13: تقنية المعلومات
C14: الرياضيات | D14: رياض الأطفال | E14: اللغة العربية | F14: امن المعلومات | G14: إدارة الأعمال | H14: الزراعة و الأغذية | I14: التدريب والصحة الرياضية | J14: القانون | K14: الطب البشري | M14: =IF($M$13=$C$13,C14,IF($M$13=$D$13,D14,IF($M$13=$E$13,E14,IF($M$13=$F$13,F14,IF($M$13=$G$13,G14,IF($M$13=$H$13,H14,IF($M$13=$I$13,I14,IF($M$13=$J$13,J14,IF($M$13=$K$13,K14,""))))))))) | O14: إدارة الأعمال
C15: الفيزياء | D15: اللغة الانجليزية | E15: اللغة الانجليزية | F15: علوم الحاسب | G15: العلوم المالية و المصرفية | H15: الإنتاج النباتي | I15: المناهج والتدريس الرياضي | J15: اللغة الإنجليزية | K15: ="" | M15: =IF($M$13=$C$13,C15,IF($M$13=$D$13,D15,IF($M$13=$E$13,E15,IF($M$13=$F$13,F15,IF($M$13=$G$13,G15,IF($M$13=$H$13,H15,IF($M$13=$I$13,I15,IF($M$13=$J$13,J15,IF($M$13=$K$13,K15,""))))))))) | O15: الزراعة و الأغذية
C16: الكيمياء | D16: التربية الخاصة | E16: الدراسات الإسلامية | F16: تقنية المعلومات | G16: المحاسبة | H16: ="" | I16: ="" | J16: ="" | K16: ="" | M16: =IF($M$13=$C$13,C16,IF($M$13=$D$13,D16,IF($M$13=$E$13,E16,IF($M$13=$F$13,F16,IF($M$13=$G$13,G16,IF($M$13=$H$13,H16,IF($M$13=$I$13,I16,IF($M$13=$J$13,J16,IF($M$13=$K$13,K16,""))))))))) | O16: العلوم المالية و المصرفية
C17: المناهج و طرق التدريس | D17: ="" | E17: ="" | F17: ="" | G17: ="" | H17: ="" | I17: ="" | J17: ="" | K17: ="" | M17: =IF($M$13=$C$13,C17,IF($M$13=$D$13,D17,IF($M$13=$E$13,E17,IF($M$13=$F$13,F17,IF($M$13=$G$13,G17,IF($M$13=$H$13,H17,IF($M$13=$I$13,I17,IF($M$13=$J$13,J17,IF($M$13=$K$13,K17,""))))))))) | O17: الدراسات الإسلامية
C18: التاريخ | D18: ="" | E18: ="" | F18: ="" | G18: ="" | H18: ="" | I18: ="" | J18: ="" | K18: ="" | M18: =IF($M$13=$C$13,C18,IF($M$13=$D$13,D18,IF($M$13=$E$13,E18,IF($M$13=$F$13,F18,IF($M$13=$G$13,G18,IF($M$13=$H$13,H18,IF($M$13=$I$13,I18,IF($M$13=$J$13,J18,IF($M$13=$K$13,K18,""))))))))) | O18: اللغة الانجليزية
C19: الجغرافيا | D19: ="" | E19: ="" | F19: ="" | G19: ="" | H19: ="" | I19: ="" | J19: ="" | K19: ="" | M19: =IF($M$13=$C$13,C19,IF($M$13=$D$13,D19,IF($M$13=$E$13,E19,IF($M$13=$F$13,F19,IF($M$13=$G$13,G19,IF($M$13=$H$13,H19,IF($M$13=$I$13,I19,IF($M$13=$J$13,J19,IF($M$13=$K$13,K19,""))))))))) | O19: رياض الأطفال
C20: العلوم التربوية والنفسية | D20: ="" | E20: ="" | F20: ="" | G20: ="" | H20: ="" | I20: ="" | J20: ="" | K20: ="" | M20: =IF($M$13=$C$13,C20,IF($M$13=$D$13,D20,IF($M$13=$E$13,E20,IF($M$13=$F$13,F20,IF($M$13=$G$13,G20,IF($M$13=$H$13,H20,IF($M$13=$I$13,I20,IF($M$13=$J$13,J20,IF($M$13=$K$13,K20,""))))))))) | O20: الطب البشري
O21: الدراسات الإسلامية
O22: اللغة العربية
O23: اللغة الانجليزية
O24: المحاسبة
O25: إدارة الأعمال
O26: رياض الأطفال
O27: العلوم التربوية والنفسية
O28: التربية البدنية و الرياضية
O29: إضافة قسم جديد

Sheet يونيو 2022 م  
A1: أستمارة احتساب الساعات الزائدة لأعضاء هيئة التدريس ومساعديهم للفصل الراسي الثاني للعام 2021- 2022 م
A2: الكلية : | C2: =IF(البيانات!C3<>"",البيانات!C3,"") | E2: القسم : | G2: =IF(البيانات!C6<>"",البيانات!C6,"") | J2: الشهر والعام الميلادي : يونيو2022م
B3: الاسم : | C3: =IF(البيانات!C4<>"",البيانات!C4,"") | I3: المهام الإدارية : | K3: =IF(IF(البيانات!O1<>"",البيانات!O1,"")=0,"",IF(البيانات!O1<>"",البيانات!O1))
A6: الأسبوع | B6: اليوم والتاريخ | D6: عدد الساعات | I6: تعبأفي حالة الدمج مع الشعب فقط | K6: المقرر الدراسي | L6: الكلية التي نفذت بها الساعات
D7: نظري | E7: عملي | F7: إشراف عملي | G7: إشراف م/تخرج | H7: إجمالي س/ مستحقة | I7: الاقسام / المستويات (الأخرى المدمجة) | J7: عدد الطلاب في حالة الدمج و في حاله التربية العملية
A8: الأول | B8: السبت | C8: 44709 | H8: =SUM(D8:G8) -> 0
H9: =SUM(D9:G9) -> 0
H10: =SUM(D10:G10) -> 0
B11: الاحد | C11: 44710 | H11: =SUM(D11:G11) -> 0
H12: =SUM(D12:G12) -> 0
H13: =SUM(D13:G13) -> 0
B14: الإثنين | C14: 44711 | H14: =SUM(D14:G14) -> 0
H15: =SUM(D15:G15) -> 0
H16: =SUM(D16:G16) -> 0
B17: الثلاثاء | C17: 44712 | H17: =SUM(D17:G17) -> 0
H18: =SUM(D18:G18) -> 0
H19: =SUM(D19:G19) -> 0
B20: الأربعاء | C20: 44713 | H20: =SUM(D20:G20) -> 0
H21: =SUM(D21:G21) -> 0
H22: =SUM(D22:G22) -> 0
B23: الخميس | C23: 44714 | H23: =SUM(D23:G23) -> 0
H24: =SUM(D24:G24) -> 0
H25: =SUM(D25:G25) -> 0
B26: المهام الادارية | D26: =IF(ساعات<>"",ساعات,"") | H26: =SUM(D26:G26) -> 0
B27: مجموع ساعات الأسبوع | D27: =SUM(D8:D26) -> 0 | E27: =SUM(E8:E26) -> 0 | F27: =SUM(F8:F26) -> 0 | G27: =SUM(G8:G26) -> 0 | H27: =SUM(H8:H26) -> 0
B28: مجموع الساعات الزائدة في الأسبوع | H28: =IF(H27>نصاب,H27-نصاب,0) -> 0
A29: الثــاني | B29: السبت | C29: 44716 | H29: =SUM(D29:G29) -> 0
H30: =SUM(D30:G30) -> 0
H31: =SUM(D31:G31) -> 0
B32: الأحد | C32: 44717 | H32: =SUM(D32:G32) -> 0
H33: =SUM(D33:G33) -> 0
H34: =SUM(D34:G34) -> 0
B35: الإثنين | C35: 44718 | H35: =SUM(D35:G35) -> 0
H36: =SUM(D36:G36) -> 0
H37: =SUM(D37:G37) -> 0
B38: الثلاثاء | C38: 44719 | H38: =SUM(D38:G38) -> 0
H39: =SUM(D39:G39) -> 0
H40: =SUM(D40:G40) -> 0
B41: الأربعاء | C41: 44720 | H41: =SUM(D41:G41) -> 0
H42: =SUM(D42:G42) -> 0
H43: =SUM(D43:G43) -> 0
B44: الخميس | C44: 44721 | H44: =SUM(D44:G44) -> 0
H45: =SUM(D45:G45) -> 0
H46: =SUM(D46:G46) -> 0
B47: المهام الادارية | D47: =IF(ساعات<>"",ساعات,"") | H47: =SUM(D47:G47) -> 0
B48: مجموع ساعات الأسبوع | D48: =SUM(D29:D47) -> 0 | E48: =SUM(E29:E47) -> 0 | F48: =SUM(F29:F47) -> 0 | G48: =SUM(G29:G47) -> 0 | H48: =SUM(H29:H47) -> 0
B49: مجموع الساعات الزائدة في الأسبوع | H49: =IF(H48>نصاب,H48-نصاب,0) -> 0
A50: الثــالث | B50: السبت | C50: 44723 | H50: =SUM(D50:G50) -> 0
H51: =SUM(D51:G51) -> 0
H52: =SUM(D52:G52) -> 0
B53: الاحد | C53: 44724 | H53: =SUM(D53:G53) -> 0
H54: =SUM(D54:G54) -> 0
H55: =SUM(D55:G55) -> 0
B56: الإثنين | C56: 44725 | H56: =SUM(D56:G56) -> 0
H57: =SUM(D57:G57) -> 0
H58: =SUM(D58:G58) -> 0
B59: الثلاثاء | C59: 44726 | H59: =SUM(D59:G59) -> 0
H60: =SUM(D60:G60) -> 0
H61: =SUM(D61:G61) -> 0
B62: الأربعاء | C62: 44727 | H62: =SUM(D62:G62) -> 0
H63: =SUM(D63:G63) -> 0
H64: =SUM(D64:G64) -> 0
B65: الخميس | C65: 44728 | H65: =SUM(D65:G65) -> 0
H66: =SUM(D66:G66) -> 0
H67: =SUM(D67:G67) -> 0
B68: المهام الادارية | D68: =IF(ساعات<>"",ساعات,"") | H68: =SUM(D68:G68) -> 0
B69: مجموع ساعات الأسبوع | C69: مجموع ساعات الأسبوع | D69: =SUM(D50:D68) -> 0 | E69: =SUM(E50:E68) -> 0 | F69: =SUM(F50:F68) -> 0 | G69: =SUM(G50:G68) -> 0 | H69: =SUM(H50:H68) -> 0
B70: مجموع الساعات الزائدة في الأسبوع | H70: =IF(H69>نصاب,H69-نصاب,0) -> 0
A71: الـــرابع | B71: السبت | C71: 44730 | H71: =SUM(D71:G71) -> 0
H72: =SUM(D72:G72) -> 0
H73: =SUM(D73:G73) -> 0
B74: الاحد | C74: 44731 | H74: =SUM(D74:G74) -> 0
H75: =SUM(D75:G75) -> 0
H76: =SUM(D76:G76) -> 0
B77: الإثنين | C77: 44732 | H77: =SUM(D77:G77) -> 0
H78: =SUM(D78:G78) -> 0
H79: =SUM(D79:G79) -> 0
B80: المهام الادارية | D80: =IF(ساعات<>"",ساعات,"") | H80: =SUM(D80:G80) -> 0
B81: مجموع ساعات الأسبوع | D81: =SUM(D71:D80) -> 0 | E81: =SUM(E71:E80) -> 0 | F81: =SUM(F71:F80) -> 0 | G81: =SUM(G71:G80) -> 0 | H81: =SUM(H71:H80) -> 0
B82: مجموع الساعات الزائدة في الأسبوع | H82: =IF(H81>نصاب,H81-نصاب,0) -> 0
B83: إجمال الساعات الشهرية | D83: =SUM(D81,D69,D48,D27) -> 0 | E83: =SUM(E81,E69,E48,E27) -> 0 | F83: =SUM(F81,F69,F48,F27) -> 0 | G83: =SUM(G81,G69,G48,G27) -> 0 | H83: =SUM(H27,H48,H69,H81) -> 0 | I83: عدد الساعات الزائدة المستحقة | L83: =H82+H70+H49+H28 -> 0
C85: عضو هيئة التدريس : | D85: =C3 | I85: التوقيع: ............................ | K85: التاريخ : .........................
C86: رئيس القسم: | I86: التوقيع: ............................ | K86: التاريخ : .........................
C87: نائب العميد الأكاديمي: | I87: التوقيع: ............................ | K87: التاريخ : .........................
C88: عميد الكلية : | I88: التوقيع: ............................ | K88: التاريخ : .........................
F91: ختم الكليــة :
C94: المدير العام لشئون هيئة التدريس: | K94: التوقيع: .................................
C96: نائب رئيس الجامعة للشئون الأكاديمية: | K96: التوقيع: .................................
B98: ملحوظة : تم إضافة الى نصاب عضو هيئة التدريس الذي يُمارس مهامَّ إدارية إضافةً إلى مهامه التدريسية ساعات المهام الادارية حسب المنصب الاداري كالتالي : 1- رئيس الجامعة (7) ساعات . 2- نائب رئيس الجامعة (6) ساعات . 3- عميد الكلية (5) ساعات . 4- نائب عميد الكلية ( 4) ساعات . 5- رئيس القسم (3) ساعات . [ في حالة الدمج يسجل عدد الطلاب في العمود المخصص ]
A100: المرفقات التي ترفق بالأستمارة: | D100: 1- استمارة النصاب التدريسي الاصل 2- استمارة الجدول التدريسي الاصل. 3- الجدول العام للمحاضرات الاصل
